Jackson,Sophia,China
Emma,Aiden,Zhongshan
Olivia,Lucas,Zhengzhou
Ava,Liam,Yokohama
Mia,Noah,Yerevan
Isabella,Ethan,Yekaterinburg
Riley,Mason,Yaoundé
Aria,Caden,Yangon
Zoe,Oliver,Xiamen
Charlotte,Elijah,Xian
Lily,Grayson,Wuhan
Layla,Jacob,Wenzhou
Amelia,Michael,Warsaw
Emily,Benjamin,Visakhapatnam
Madelyn,Carter,Vijayawada
Aubrey,James,Vienna
Adalyn,Jayden,Vadodara
Madison,Logan,Ulsan
Chloe,Alexander,Tunis
Harper,Caleb,Tripoli
Abigail,Ryan,Toronto
Aaliyah,Luke,Tokyo
Avery,Daniel,Tijuana
Evelyn,Jack,Tianjin
Kaylee,William,Tehran
Ella,Owen,Tashkent
